DY,MO,YEAR,pm25
1,10,2021,67
2,10,2021,56
3,10,2021,61
4,10,2021,81
5,10,2021,74
6,10,2021,64
7,10,2021,67
8,10,2021,47
12,10,2021,32
13,10,2021,35
20,10,2021,72
21,10,2021,70
22,10,2021,69
23,10,2021,78
24,10,2021,75
25,10,2021,72
26,10,2021,71
27,10,2021,82
28,10,2021,59
29,10,2021,53
30,10,2021,76
31,10,2021,64
1,11,2021,85
2,11,2021,52
3,11,2021,11
4,11,2021,14
5,11,2021,50
6,11,2021,64
7,11,2021,74
8,11,2021,55
9,11,2021,108
10,11,2021,71
11,11,2021,79
12,11,2021,59
13,11,2021,76
14,11,2021,77
15,11,2021,77
16,11,2021,81
17,11,2021,99
18,11,2021,96
19,11,2021,100
20,11,2021,103
21,11,2021,99
22,11,2021,66
23,11,2021,105
24,11,2021,97
25,11,2021,89
26,11,2021,85
27,11,2021,71
28,11,2021,72
29,11,2021,75
30,11,2021,57
1,12,2021,86
2,12,2021,109
3,12,2021,90
4,12,2021,106
5,12,2021,100
6,12,2021,95
7,12,2021,103
8,12,2021,123
9,12,2021,113
10,12,2021,86
11,12,2021,117
12,12,2021,126
13,12,2021,80
14,12,2021,80
15,12,2021,101
16,12,2021,85
17,12,2021,98
18,12,2021,89
19,12,2021,74
20,12,2021,100
21,12,2021,82
22,12,2021,85
23,12,2021,77
24,12,2021,95
25,12,2021,98
26,12,2021,101
27,12,2021,103
28,12,2021,84
29,12,2021,94
30,12,2021,53
31,12,2021,65
1,1,2022,70
2,1,2022,77
1,7,2021,52
2,7,2021,51
3,7,2021,67
4,7,2021,61
5,7,2021,53
6,7,2021,57
7,7,2021,36
8,7,2021,48
9,7,2021,39
10,7,2021,31
11,7,2021,38
12,7,2021,54
13,7,2021,82
14,7,2021,64
15,7,2021,56
16,7,2021,40
17,7,2021,49
18,7,2021,43
19,7,2021,48
20,7,2021,48
21,7,2021,43
22,7,2021,44
23,7,2021,52
24,7,2021,49
25,7,2021,36
26,7,2021,38
27,7,2021,34
28,7,2021,43
29,7,2021,36
30,7,2021,31
31,7,2021,41
1,8,2021,40
2,8,2021,42
3,8,2021,45
4,8,2021,42
5,8,2021,36
6,8,2021,47
7,8,2021,49
8,8,2021,35
9,8,2021,42
10,8,2021,45
11,8,2021,42
12,8,2021,50
13,8,2021,49
14,8,2021,46
15,8,2021,60
16,8,2021,82
17,8,2021,71
18,8,2021,47
19,8,2021,54
20,8,2021,69
21,8,2021,73
22,8,2021,38
23,8,2021,53
24,8,2021,42
25,8,2021,27
26,8,2021,34
27,8,2021,49
28,8,2021,59
29,8,2021,56
30,8,2021,47
31,8,2021,48
1,9,2021,39
2,9,2021,39
3,9,2021,31
4,9,2021,36
5,9,2021,38
6,9,2021,44
7,9,2021,41
8,9,2021,33
9,9,2021,30
10,9,2021,33
11,9,2021,34
12,9,2021,33
13,9,2021,38
14,9,2021,40
15,9,2021,31
16,9,2021,44
17,9,2021,59
18,9,2021,59
19,9,2021,48
20,9,2021,39
21,9,2021,38
22,9,2021,44
23,9,2021,50
24,9,2021,42
25,9,2021,42
26,9,2021,58
27,9,2021,56
28,9,2021,68
29,9,2021,61
30,9,2021,47
1,4,2021,73
2,4,2021,73
3,4,2021,67
4,4,2021,56
5,4,2021,86
6,4,2021,80
7,4,2021,96
8,4,2021,105
9,4,2021,96
10,4,2021,101
11,4,2021,70
12,4,2021,71
13,4,2021,65
14,4,2021,56
15,4,2021,85
16,4,2021,66
17,4,2021,81
18,4,2021,69
19,4,2021,67
20,4,2021,68
21,4,2021,66
22,4,2021,68
23,4,2021,79
24,4,2021,56
25,4,2021,51
26,4,2021,53
27,4,2021,58
28,4,2021,63
29,4,2021,72
30,4,2021,63
1,5,2021,54
2,5,2021,58
3,5,2021,61
4,5,2021,85
5,5,2021,65
6,5,2021,61
7,5,2021,84
8,5,2021,104
9,5,2021,58
10,5,2021,55
11,5,2021,46
12,5,2021,55
13,5,2021,53
14,5,2021,42
15,5,2021,70
16,5,2021,84
17,5,2021,43
18,5,2021,46
19,5,2021,78
20,5,2021,56
21,5,2021,68
22,5,2021,60
23,5,2021,57
24,5,2021,59
25,5,2021,75
26,5,2021,56
27,5,2021,75
28,5,2021,47
29,5,2021,48
30,5,2021,53
31,5,2021,60
1,6,2021,68
2,6,2021,75
3,6,2021,67
4,6,2021,67
5,6,2021,61
6,6,2021,56
7,6,2021,43
8,6,2021,53
9,6,2021,85
10,6,2021,54
11,6,2021,43
12,6,2021,42
13,6,2021,51
14,6,2021,50
15,6,2021,55
16,6,2021,62
17,6,2021,84
18,6,2021,77
19,6,2021,72
20,6,2021,54
21,6,2021,55
22,6,2021,56
23,6,2021,57
24,6,2021,73
25,6,2021,59
26,6,2021,54
27,6,2021,50
28,6,2021,54
29,6,2021,62
30,6,2021,63
4,1,2021,86
5,1,2021,78
6,1,2021,69
7,1,2021,81
8,1,2021,117
9,1,2021,96
10,1,2021,97
11,1,2021,98
12,1,2021,70
13,1,2021,109
14,1,2021,121
15,1,2021,112
16,1,2021,119
17,1,2021,85
18,1,2021,81
19,1,2021,153
20,1,2021,158
21,1,2021,125
22,1,2021,98
23,1,2021,94
24,1,2021,85
25,1,2021,101
26,1,2021,109
27,1,2021,114
28,1,2021,107
29,1,2021,108
30,1,2021,135
31,1,2021,120
1,2,2021,107
2,2,2021,98
3,2,2021,108
4,2,2021,115
5,2,2021,116
6,2,2021,115
7,2,2021,114
8,2,2021,96
9,2,2021,91
10,2,2021,64
11,2,2021,62
12,2,2021,66
13,2,2021,68
14,2,2021,63
15,2,2021,68
16,2,2021,67
17,2,2021,59
18,2,2021,94
19,2,2021,84
20,2,2021,88
21,2,2021,100
22,2,2021,73
23,2,2021,85
24,2,2021,73
25,2,2021,76
26,2,2021,80
27,2,2021,102
28,2,2021,59
1,3,2021,51
2,3,2021,60
3,3,2021,66
4,3,2021,68
5,3,2021,56
6,3,2021,64
7,3,2021,63
8,3,2021,87
9,3,2021,84
10,3,2021,86
11,3,2021,82
12,3,2021,74
13,3,2021,91
14,3,2021,99
15,3,2021,95
16,3,2021,79
17,3,2021,70
18,3,2021,60
19,3,2021,58
20,3,2021,48
21,3,2021,59
22,3,2021,78
23,3,2021,98
24,3,2021,77
25,3,2021,57
26,3,2021,61
27,3,2021,63
28,3,2021,57
29,3,2021,57
30,3,2021,74
31,3,2021,76
1,10,2020,60
2,10,2020,76
3,10,2020,75
4,10,2020,45
5,10,2020,50
6,10,2020,67
7,10,2020,63
8,10,2020,48
9,10,2020,58
10,10,2020,83
11,10,2020,50
12,10,2020,46
13,10,2020,58
14,10,2020,49
15,10,2020,51
16,10,2020,40
17,10,2020,37
18,10,2020,44
19,10,2020,56
20,10,2020,63
21,10,2020,56
22,10,2020,102
23,10,2020,70
24,10,2020,85
25,10,2020,70
26,10,2020,97
27,10,2020,87
28,10,2020,79
29,10,2020,58
30,10,2020,72
31,10,2020,78
1,11,2020,63
2,11,2020,63
3,11,2020,102
4,11,2020,97
5,11,2020,110
6,11,2020,87
7,11,2020,73
8,11,2020,81
9,11,2020,93
10,11,2020,83
11,11,2020,71
12,11,2020,100
13,11,2020,86
14,11,2020,80
15,11,2020,90
16,11,2020,90
17,11,2020,103
18,11,2020,84
19,11,2020,85
20,11,2020,68
21,11,2020,110
22,11,2020,92
23,11,2020,95
24,11,2020,95
25,11,2020,90
26,11,2020,90
27,11,2020,98
28,11,2020,72
29,11,2020,74
30,11,2020,75
1,12,2020,82
2,12,2020,72
3,12,2020,77
4,12,2020,88
5,12,2020,109
6,12,2020,80
7,12,2020,84
8,12,2020,90
9,12,2020,88
10,12,2020,108
11,12,2020,118
12,12,2020,92
13,12,2020,121
14,12,2020,66
15,12,2020,105
16,12,2020,90
17,12,2020,77
18,12,2020,65
19,12,2020,60
20,12,2020,58
21,12,2020,54
22,12,2020,58
23,12,2020,93
24,12,2020,103
25,12,2020,78
26,12,2020,72
27,12,2020,104
28,12,2020,93
29,12,2020,95
30,12,2020,75
31,12,2020,71
1,1,2021,61
2,1,2021,74
3,1,2021,85
1,7,2020,101
2,7,2020,57
3,7,2020,52
4,7,2020,77
5,7,2020,80
6,7,2020,61
7,7,2020,52
8,7,2020,82
9,7,2020,104
10,7,2020,55
11,7,2020,68
12,7,2020,47
13,7,2020,54
14,7,2020,67
15,7,2020,57
16,7,2020,53
17,7,2020,42
18,7,2020,79
19,7,2020,113
20,7,2020,73
21,7,2020,84
22,7,2020,53
23,7,2020,73
24,7,2020,78
25,7,2020,100
26,7,2020,50
27,7,2020,64
28,7,2020,71
29,7,2020,62
30,7,2020,63
31,7,2020,57
1,8,2020,39
2,8,2020,37
3,8,2020,46
4,8,2020,54
5,8,2020,56
6,8,2020,55
7,8,2020,48
8,8,2020,52
9,8,2020,54
10,8,2020,49
11,8,2020,45
12,8,2020,62
13,8,2020,62
14,8,2020,74
15,8,2020,79
16,8,2020,82
17,8,2020,77
18,8,2020,71
19,8,2020,63
20,8,2020,84
21,8,2020,70
22,8,2020,61
23,8,2020,56
24,8,2020,65
25,8,2020,73
26,8,2020,63
27,8,2020,67
28,8,2020,60
29,8,2020,58
30,8,2020,55
31,8,2020,67
1,9,2020,107
2,9,2020,69
3,9,2020,62
4,9,2020,56
5,9,2020,73
6,9,2020,70
7,9,2020,71
8,9,2020,71
9,9,2020,76
10,9,2020,83
11,9,2020,59
12,9,2020,8
13,9,2020,7
14,9,2020,39
15,9,2020,61
16,9,2020,55
17,9,2020,50
18,9,2020,31
19,9,2020,46
20,9,2020,52
21,9,2020,82
22,9,2020,78
23,9,2020,63
24,9,2020,81
25,9,2020,83
26,9,2020,57
27,9,2020,59
28,9,2020,38
29,9,2020,47
30,9,2020,59
1,4,2020,50
2,4,2020,53
3,4,2020,56
4,4,2020,54
5,4,2020,54
6,4,2020,55
7,4,2020,53
8,4,2020,58
9,4,2020,74
10,4,2020,67
11,4,2020,56
12,4,2020,62
13,4,2020,87
14,4,2020,107
15,4,2020,89
16,4,2020,69
17,4,2020,64
18,4,2020,65
19,4,2020,61
20,4,2020,59
21,4,2020,64
22,4,2020,55
23,4,2020,57
24,4,2020,86
25,4,2020,105
26,4,2020,85
27,4,2020,101
28,4,2020,86
29,4,2020,76
30,4,2020,65
1,5,2020,52
2,5,2020,54
3,5,2020,56
4,5,2020,47
5,5,2020,52
6,5,2020,42
7,5,2020,37
8,5,2020,34
9,5,2020,34
10,5,2020,38
11,5,2020,38
12,5,2020,56
13,5,2020,54
14,5,2020,60
15,5,2020,51
16,5,2020,56
17,5,2020,48
18,5,2020,61
19,5,2020,51
20,5,2020,66
21,5,2020,67
22,5,2020,67
23,5,2020,76
24,5,2020,77
25,5,2020,74
26,5,2020,89
27,5,2020,80
28,5,2020,80
29,5,2020,68
30,5,2020,90
31,5,2020,77
1,6,2020,92
2,6,2020,76
3,6,2020,88
4,6,2020,70
5,6,2020,81
6,6,2020,62
7,6,2020,74
8,6,2020,61
9,6,2020,64
10,6,2020,67
11,6,2020,87
12,6,2020,70
13,6,2020,64
14,6,2020,51
15,6,2020,62
16,6,2020,65
17,6,2020,117
18,6,2020,86
19,6,2020,100
20,6,2020,64
21,6,2020,63
22,6,2020,67
23,6,2020,62
24,6,2020,72
25,6,2020,85
26,6,2020,94
27,6,2020,51
28,6,2020,45
29,6,2020,59
30,6,2020,108
1,1,2020,80
2,1,2020,76
3,1,2020,91
4,1,2020,108
5,1,2020,110
6,1,2020,127
7,1,2020,91
8,1,2020,92
9,1,2020,111
10,1,2020,99
11,1,2020,100
12,1,2020,107
13,1,2020,98
14,1,2020,122
15,1,2020,117
16,1,2020,142
17,1,2020,122
18,1,2020,121
19,1,2020,111
20,1,2020,89
21,1,2020,90
22,1,2020,79
23,1,2020,62
24,1,2020,66
25,1,2020,53
26,1,2020,50
27,1,2020,52
28,1,2020,58
29,1,2020,62
30,1,2020,70
31,1,2020,78
1,2,2020,103
2,2,2020,110
3,2,2020,100
4,2,2020,85
5,2,2020,83
6,2,2020,92
7,2,2020,89
8,2,2020,114
9,2,2020,101
10,2,2020,101
11,2,2020,85
12,2,2020,58
13,2,2020,59
14,2,2020,62
15,2,2020,53
16,2,2020,59
17,2,2020,79
18,2,2020,84
19,2,2020,102
20,2,2020,117
21,2,2020,97
22,2,2020,73
23,2,2020,69
24,2,2020,99
25,2,2020,100
26,2,2020,89
27,2,2020,68
28,2,2020,85
29,2,2020,74
1,3,2020,63
2,3,2020,56
3,3,2020,55
4,3,2020,61
5,3,2020,57
6,3,2020,62
7,3,2020,67
8,3,2020,81
9,3,2020,81
10,3,2020,88
11,3,2020,75
12,3,2020,59
13,3,2020,54
14,3,2020,59
15,3,2020,56
16,3,2020,85
17,3,2020,80
18,3,2020,77
19,3,2020,58
20,3,2020,56
21,3,2020,60
22,3,2020,59
23,3,2020,52
24,3,2020,55
25,3,2020,60
26,3,2020,55
27,3,2020,53
28,3,2020,55
29,3,2020,46
30,3,2020,52
31,3,2020,54
1,10,2019,98
2,10,2019,99
3,10,2019,122
4,10,2019,87
5,10,2019,68
6,10,2019,68
7,10,2019,62
8,10,2019,78
9,10,2019,105
10,10,2019,100
11,10,2019,76
12,10,2019,61
13,10,2019,90
14,10,2019,73
15,10,2019,82
16,10,2019,93
17,10,2019,108
18,10,2019,116
19,10,2019,116
20,10,2019,106
21,10,2019,125
22,10,2019,129
23,10,2019,91
24,10,2019,103
25,10,2019,121
26,10,2019,105
27,10,2019,121
28,10,2019,103
29,10,2019,99
30,10,2019,112
31,10,2019,93
1,11,2019,100
2,11,2019,79
3,11,2019,109
4,11,2019,113
5,11,2019,150
6,11,2019,155
7,11,2019,157
8,11,2019,222
9,11,2019,169
10,11,2019,163
12,11,2019,166
13,11,2019,156
15,11,2019,111
16,11,2019,118
17,11,2019,97
18,11,2019,82
19,11,2019,101
20,11,2019,100
21,11,2019,129
22,11,2019,130
23,11,2019,126
24,11,2019,110
25,11,2019,112
26,11,2019,101
27,11,2019,86
28,11,2019,86
29,11,2019,88
30,11,2019,88
1,12,2019,89
2,12,2019,101
3,12,2019,111
4,12,2019,108
5,12,2019,113
6,12,2019,70
7,12,2019,104
8,12,2019,89
9,12,2019,96
10,12,2019,128
11,12,2019,130
12,12,2019,122
13,12,2019,118
14,12,2019,110
15,12,2019,87
16,12,2019,84
17,12,2019,91
18,12,2019,96
19,12,2019,106
20,12,2019,105
21,12,2019,103
22,12,2019,105
23,12,2019,94
24,12,2019,91
25,12,2019,98
26,12,2019,82
27,12,2019,107
28,12,2019,140
29,12,2019,137
1,7,2019,68
2,7,2019,70
3,7,2019,54
4,7,2019,54
5,7,2019,73
6,7,2019,71
9,7,2019,76
10,7,2019,77
11,7,2019,81
12,7,2019,80
13,7,2019,69
14,7,2019,67
15,7,2019,75
16,7,2019,62
17,7,2019,57
18,7,2019,52
19,7,2019,49
20,7,2019,53
21,7,2019,71
22,7,2019,59
23,7,2019,72
24,7,2019,64
25,7,2019,71
26,7,2019,70
27,7,2019,70
28,7,2019,77
29,7,2019,63
30,7,2019,75
31,7,2019,73
1,8,2019,70
2,8,2019,56
3,8,2019,50
4,8,2019,51
5,8,2019,62
6,8,2019,55
7,8,2019,54
8,8,2019,55
9,8,2019,46
10,8,2019,47
11,8,2019,57
12,8,2019,78
13,8,2019,80
14,8,2019,74
15,8,2019,53
16,8,2019,50
17,8,2019,77
18,8,2019,107
19,8,2019,86
20,8,2019,65
21,8,2019,79
22,8,2019,75
23,8,2019,66
24,8,2019,71
25,8,2019,54
26,8,2019,55
27,8,2019,65
28,8,2019,60
29,8,2019,55
30,8,2019,52
31,8,2019,58
1,9,2019,63
2,9,2019,36
3,9,2019,48
4,9,2019,55
5,9,2019,49
6,9,2019,58
7,9,2019,69
8,9,2019,74
9,9,2019,68
10,9,2019,80
11,9,2019,76
12,9,2019,89
13,9,2019,76
14,9,2019,70
15,9,2019,52
16,9,2019,57
17,9,2019,48
18,9,2019,50
19,9,2019,73
20,9,2019,132
21,9,2019,120
22,9,2019,126
23,9,2019,98
24,9,2019,120
25,9,2019,94
26,9,2019,104
27,9,2019,115
28,9,2019,118
29,9,2019,88
30,9,2019,102
1,4,2019,70
2,4,2019,76
3,4,2019,82
4,4,2019,77
5,4,2019,76
6,4,2019,78
7,4,2019,69
8,4,2019,59
9,4,2019,47
10,4,2019,35
11,4,2019,44
12,4,2019,44
13,4,2019,47
14,4,2019,38
15,4,2019,40
16,4,2019,57
17,4,2019,59
18,4,2019,64
19,4,2019,14
20,4,2019,15
21,4,2019,17
22,4,2019,38
23,4,2019,67
24,4,2019,73
25,4,2019,75
26,4,2019,61
27,4,2019,64
28,4,2019,74
29,4,2019,93
30,4,2019,56
1,5,2019,64
2,5,2019,64
3,5,2019,90
4,5,2019,66
5,5,2019,73
6,5,2019,66
7,5,2019,69
8,5,2019,67
9,5,2019,80
10,5,2019,87
11,5,2019,109
12,5,2019,95
13,5,2019,73
14,5,2019,76
15,5,2019,83
16,5,2019,67
17,5,2019,65
18,5,2019,60
19,5,2019,56
20,5,2019,63
21,5,2019,69
22,5,2019,82
2,6,2019,98
3,6,2019,90
4,6,2019,97
5,6,2019,94
12,6,2019,68
13,6,2019,73
14,6,2019,67
15,6,2019,81
23,6,2019,40
24,6,2019,45
25,6,2019,61
26,6,2019,68
27,6,2019,57
28,6,2019,65
29,6,2019,72
30,6,2019,73
1,1,2019,63
2,1,2019,76
3,1,2019,80
4,1,2019,63
5,1,2019,69
6,1,2019,84
7,1,2019,61
8,1,2019,91
9,1,2019,76
10,1,2019,66
11,1,2019,87
12,1,2019,88
13,1,2019,104
14,1,2019,99
15,1,2019,118
16,1,2019,99
17,1,2019,86
18,1,2019,82
19,1,2019,90
20,1,2019,107
21,1,2019,91
22,1,2019,111
23,1,2019,114
24,1,2019,108
25,1,2019,121
26,1,2019,115
27,1,2019,105
28,1,2019,123
29,1,2019,104
30,1,2019,85
31,1,2019,87
1,2,2019,94
2,2,2019,83
3,2,2019,73
4,2,2019,63
5,2,2019,68
6,2,2019,59
7,2,2019,57
8,2,2019,64
9,2,2019,66
10,2,2019,59
11,2,2019,71
12,2,2019,67
13,2,2019,75
14,2,2019,69
15,2,2019,68
16,2,2019,67
17,2,2019,63
18,2,2019,61
19,2,2019,69
20,2,2019,54
21,2,2019,46
22,2,2019,46
23,2,2019,44
24,2,2019,47
25,2,2019,51
26,2,2019,67
27,2,2019,76
28,2,2019,63
1,3,2019,66
2,3,2019,52
3,3,2019,56
4,3,2019,43
5,3,2019,37
6,3,2019,44
7,3,2019,31
8,3,2019,34
9,3,2019,23
10,3,2019,37
11,3,2019,54
12,3,2019,52
13,3,2019,69
14,3,2019,59
15,3,2019,78
16,3,2019,99
17,3,2019,95
18,3,2019,76
19,3,2019,48
20,3,2019,39
21,3,2019,36
22,3,2019,40
23,3,2019,24
26,3,2019,57
27,3,2019,54
28,3,2019,55
29,3,2019,51
30,3,2019,55
31,3,2019,57
1,10,2018,84
2,10,2018,98
3,10,2018,81
4,10,2018,59
5,10,2018,56
6,10,2018,102
7,10,2018,102
8,10,2018,118
9,10,2018,100
10,10,2018,89
11,10,2018,84
12,10,2018,89
13,10,2018,86
14,10,2018,72
15,10,2018,56
16,10,2018,44
17,10,2018,50
18,10,2018,106
25,10,2018,53
26,10,2018,66
27,10,2018,69
28,10,2018,62
29,10,2018,110
30,10,2018,103
31,10,2018,91
1,11,2018,101
2,11,2018,108
3,11,2018,101
4,11,2018,69
5,11,2018,91
6,11,2018,91
7,11,2018,50
8,11,2018,42
9,11,2018,46
10,11,2018,59
11,11,2018,57
12,11,2018,73
13,11,2018,78
14,11,2018,80
15,11,2018,83
16,11,2018,77
17,11,2018,78
18,11,2018,74
19,11,2018,47
20,11,2018,53
21,11,2018,77
22,11,2018,90
23,11,2018,73
24,11,2018,58
25,11,2018,31
26,11,2018,38
27,11,2018,48
28,11,2018,99
29,11,2018,68
30,11,2018,93
1,12,2018,79
2,12,2018,67
3,12,2018,91
4,12,2018,82
5,12,2018,61
6,12,2018,77
7,12,2018,91
8,12,2018,57
9,12,2018,76
10,12,2018,52
11,12,2018,74
12,12,2018,93
13,12,2018,80
14,12,2018,80
15,12,2018,67
16,12,2018,64
17,12,2018,105
21,12,2018,112
22,12,2018,104
23,12,2018,121
24,12,2018,86
25,12,2018,98
26,12,2018,77
27,12,2018,91
28,12,2018,111
29,12,2018,100
30,12,2018,79
1,7,2018,60
2,7,2018,62
3,7,2018,50
4,7,2018,32
5,7,2018,42
6,7,2018,52
7,7,2018,53
8,7,2018,55
9,7,2018,56
10,7,2018,57
11,7,2018,44
12,7,2018,32
13,7,2018,41
14,7,2018,49
15,7,2018,59
16,7,2018,58
17,7,2018,50
18,7,2018,49
19,7,2018,61
20,7,2018,70
21,7,2018,62
22,7,2018,58
23,7,2018,62
24,7,2018,58
25,7,2018,69
26,7,2018,71
27,7,2018,65
28,7,2018,60
29,7,2018,52
30,7,2018,51
31,7,2018,76
1,8,2018,81
2,8,2018,61
3,8,2018,66
4,8,2018,60
5,8,2018,64
6,8,2018,80
7,8,2018,78
8,8,2018,65
9,8,2018,60
10,8,2018,52
11,8,2018,53
12,8,2018,59
13,8,2018,64
14,8,2018,83
15,8,2018,73
16,8,2018,73
17,8,2018,58
18,8,2018,58
19,8,2018,65
20,8,2018,64
21,8,2018,64
22,8,2018,65
23,8,2018,58
24,8,2018,62
25,8,2018,61
26,8,2018,54
27,8,2018,64
28,8,2018,60
29,8,2018,73
30,8,2018,63
31,8,2018,77
1,9,2018,66
2,9,2018,69
3,9,2018,53
4,9,2018,61
5,9,2018,52
6,9,2018,53
7,9,2018,75
8,9,2018,78
9,9,2018,82
10,9,2018,63
11,9,2018,73
12,9,2018,62
13,9,2018,79
14,9,2018,55
15,9,2018,54
16,9,2018,43
17,9,2018,39
18,9,2018,45
19,9,2018,68
20,9,2018,102
21,9,2018,77
22,9,2018,71
23,9,2018,93
24,9,2018,121
25,9,2018,71
26,9,2018,63
27,9,2018,62
28,9,2018,64
29,9,2018,68
30,9,2018,39
1,4,2018,91
2,4,2018,88
3,4,2018,74
4,4,2018,66
5,4,2018,65
6,4,2018,68
7,4,2018,77
8,4,2018,98
9,4,2018,112
10,4,2018,89
11,4,2018,60
12,4,2018,58
13,4,2018,59
14,4,2018,59
15,4,2018,60
16,4,2018,66
17,4,2018,73
18,4,2018,91
19,4,2018,72
20,4,2018,76
21,4,2018,76
22,4,2018,83
23,4,2018,77
24,4,2018,59
25,4,2018,51
27,4,2018,49
28,4,2018,46
29,4,2018,49
30,4,2018,57
1,5,2018,53
2,5,2018,46
3,5,2018,56
4,5,2018,82
5,5,2018,88
6,5,2018,59
7,5,2018,80
8,5,2018,84
9,5,2018,71
10,5,2018,109
11,5,2018,79
12,5,2018,82
13,5,2018,81
14,5,2018,81
15,5,2018,62
16,5,2018,54
17,5,2018,55
18,5,2018,95
19,5,2018,75
20,5,2018,86
21,5,2018,87
22,5,2018,116
23,5,2018,84
24,5,2018,113
25,5,2018,97
26,5,2018,98
27,5,2018,97
28,5,2018,108
29,5,2018,106
30,5,2018,75
31,5,2018,73
1,6,2018,65
2,6,2018,80
3,6,2018,63
4,6,2018,66
5,6,2018,59
6,6,2018,78
7,6,2018,71
8,6,2018,64
9,6,2018,66
10,6,2018,70
11,6,2018,78
12,6,2018,83
13,6,2018,71
14,6,2018,79
15,6,2018,54
16,6,2018,35
18,6,2018,17
19,6,2018,35
20,6,2018,44
21,6,2018,49
22,6,2018,61
23,6,2018,70
24,6,2018,68
25,6,2018,74
26,6,2018,65
27,6,2018,87
28,6,2018,109
29,6,2018,78
30,6,2018,68
1,1,2018,96
2,1,2018,104
3,1,2018,135
4,1,2018,121
5,1,2018,61
6,1,2018,57
7,1,2018,55
8,1,2018,61
9,1,2018,74
10,1,2018,113
11,1,2018,89
12,1,2018,78
13,1,2018,126
15,1,2018,132
16,1,2018,122
17,1,2018,109
18,1,2018,134
19,1,2018,115
20,1,2018,122
21,1,2018,118
22,1,2018,141
23,1,2018,106
24,1,2018,109
25,1,2018,108
26,1,2018,117
27,1,2018,130
28,1,2018,97
29,1,2018,97
30,1,2018,116
31,1,2018,119
1,2,2018,112
2,2,2018,118
3,2,2018,137
4,2,2018,123
5,2,2018,140
6,2,2018,147
7,2,2018,142
8,2,2018,135
9,2,2018,126
10,2,2018,126
11,2,2018,137
12,2,2018,124
13,2,2018,134
14,2,2018,142
15,2,2018,133
16,2,2018,123
17,2,2018,92
18,2,2018,71
19,2,2018,72
20,2,2018,73
21,2,2018,69
22,2,2018,79
23,2,2018,90
24,2,2018,85
25,2,2018,98
26,2,2018,110
27,2,2018,114
28,2,2018,86
1,3,2018,53
2,3,2018,69
3,3,2018,68
4,3,2018,73
5,3,2018,73
6,3,2018,74
7,3,2018,81
8,3,2018,89
9,3,2018,108
10,3,2018,117
11,3,2018,104
12,3,2018,123
13,3,2018,85
14,3,2018,52
15,3,2018,54
16,3,2018,50
17,3,2018,61
18,3,2018,68
19,3,2018,65
20,3,2018,66
21,3,2018,79
22,3,2018,106
23,3,2018,107
24,3,2018,105
25,3,2018,85
26,3,2018,95
27,3,2018,107
28,3,2018,105
29,3,2018,81
30,3,2018,93
31,3,2018,92
1,10,2017,65
2,10,2017,51
3,10,2017,51
4,10,2017,58
5,10,2017,89
6,10,2017,65
7,10,2017,86
8,10,2017,76
9,10,2017,106
10,10,2017,75
11,10,2017,67
12,10,2017,95
13,10,2017,82
14,10,2017,71
15,10,2017,43
16,10,2017,57
17,10,2017,70
18,10,2017,69
19,10,2017,69
20,10,2017,72
21,10,2017,84
22,10,2017,58
23,10,2017,69
24,10,2017,106
25,10,2017,107
26,10,2017,134
27,10,2017,109
28,10,2017,117
29,10,2017,119
30,10,2017,135
13,11,2017,114
14,11,2017,126
15,11,2017,137
16,11,2017,48
17,11,2017,89
18,11,2017,75
19,11,2017,68
20,11,2017,70
21,11,2017,82
22,11,2017,112
23,11,2017,126
24,11,2017,108
25,11,2017,96
26,11,2017,79
27,11,2017,87
28,11,2017,97
29,11,2017,128
30,11,2017,115
1,12,2017,116
2,12,2017,106
3,12,2017,105
4,12,2017,90
5,12,2017,119
6,12,2017,149
7,12,2017,106
8,12,2017,126
19,12,2017,121
20,12,2017,98
21,12,2017,74
22,12,2017,87
23,12,2017,86
24,12,2017,78
26,12,2017,60
27,12,2017,86
28,12,2017,111
29,12,2017,109
30,12,2017,100
31,12,2017,89
1,7,2017,78
2,7,2017,73
3,7,2017,79
4,7,2017,77
5,7,2017,100
6,7,2017,94
7,7,2017,104
8,7,2017,85
9,7,2017,75
10,7,2017,87
18,7,2017,94
19,7,2017,103
20,7,2017,100
21,7,2017,83
22,7,2017,80
23,7,2017,83
24,7,2017,89
25,7,2017,66
26,7,2017,67
27,7,2017,51
28,7,2017,56
29,7,2017,63
30,7,2017,71
31,7,2017,68
1,8,2017,70
2,8,2017,76
3,8,2017,72
4,8,2017,72
5,8,2017,85
6,8,2017,94
7,8,2017,93
8,8,2017,76
9,8,2017,60
10,8,2017,81
11,8,2017,71
12,8,2017,88
13,8,2017,57
14,8,2017,54
15,8,2017,44
16,8,2017,60
17,8,2017,72
18,8,2017,62
19,8,2017,89
20,8,2017,65
21,8,2017,74
22,8,2017,54
23,8,2017,49
24,8,2017,51
25,8,2017,58
26,8,2017,58
27,8,2017,31
28,8,2017,49
29,8,2017,75
30,8,2017,103
31,8,2017,112
1,9,2017,80
2,9,2017,59
3,9,2017,53
4,9,2017,52
5,9,2017,63
6,9,2017,58
11,9,2017,96
12,9,2017,104
13,9,2017,103
14,9,2017,60
18,9,2017,66
19,9,2017,82
20,9,2017,123
21,9,2017,139
22,9,2017,94
23,9,2017,69
24,9,2017,62
25,9,2017,64
26,9,2017,81
27,9,2017,82
28,9,2017,61
29,9,2017,96
30,9,2017,47
1,4,2017,92
2,4,2017,110
3,4,2017,97
4,4,2017,114
5,4,2017,81
6,4,2017,71
7,4,2017,76
8,4,2017,87
9,4,2017,73
10,4,2017,67
11,4,2017,66
12,4,2017,74
13,4,2017,61
14,4,2017,36
15,4,2017,53
16,4,2017,48
17,4,2017,37
18,4,2017,48
19,4,2017,49
20,4,2017,31
21,4,2017,38
22,4,2017,72
23,4,2017,81
24,4,2017,70
25,4,2017,70
26,4,2017,76
27,4,2017,70
3,5,2017,49
4,5,2017,33
5,5,2017,87
6,5,2017,77
7,5,2017,94
8,5,2017,88
9,5,2017,77
10,5,2017,67
11,5,2017,64
12,5,2017,65
13,5,2017,91
14,5,2017,85
15,5,2017,81
16,5,2017,110
17,5,2017,86
18,5,2017,81
19,5,2017,73
20,5,2017,106
21,5,2017,67
22,5,2017,66
23,5,2017,69
24,5,2017,71
25,5,2017,80
26,5,2017,77
27,5,2017,84
28,5,2017,71
29,5,2017,91
30,5,2017,107
31,5,2017,109
1,6,2017,38
2,6,2017,36
7,6,2017,38
8,6,2017,62
9,6,2017,68
10,6,2017,70
11,6,2017,107
12,6,2017,93
13,6,2017,92
14,6,2017,81
15,6,2017,72
16,6,2017,91
17,6,2017,89
18,6,2017,85
19,6,2017,82
20,6,2017,76
21,6,2017,88
22,6,2017,104
23,6,2017,86
24,6,2017,79
25,6,2017,62
26,6,2017,78
27,6,2017,92
28,6,2017,61
29,6,2017,61
30,6,2017,68
2,1,2017,84
3,1,2017,109
4,1,2017,128
5,1,2017,118
6,1,2017,87
7,1,2017,104
8,1,2017,68
9,1,2017,79
10,1,2017,99
11,1,2017,112
12,1,2017,116
13,1,2017,123
14,1,2017,112
15,1,2017,118
16,1,2017,87
17,1,2017,103
18,1,2017,105
19,1,2017,125
20,1,2017,130
21,1,2017,109
22,1,2017,121
23,1,2017,106
24,1,2017,111
25,1,2017,133
26,1,2017,96
27,1,2017,89
28,1,2017,124
29,1,2017,110
30,1,2017,90
31,1,2017,101
1,2,2017,104
2,2,2017,92
3,2,2017,87
4,2,2017,78
5,2,2017,75
6,2,2017,93
7,2,2017,94
8,2,2017,120
9,2,2017,106
10,2,2017,117
11,2,2017,102
12,2,2017,105
13,2,2017,121
14,2,2017,118
15,2,2017,97
16,2,2017,109
17,2,2017,113
18,2,2017,122
19,2,2017,122
20,2,2017,94
21,2,2017,75
22,2,2017,73
23,2,2017,74
24,2,2017,76
25,2,2017,117
26,2,2017,128
27,2,2017,117
28,2,2017,94
1,3,2017,104
2,3,2017,119
3,3,2017,132
4,3,2017,136
5,3,2017,97
6,3,2017,88
7,3,2017,87
8,3,2017,85
9,3,2017,81
10,3,2017,94
11,3,2017,101
12,3,2017,85
13,3,2017,91
14,3,2017,80
15,3,2017,101
16,3,2017,96
17,3,2017,89
18,3,2017,87
19,3,2017,94
20,3,2017,97
21,3,2017,5
22,3,2017,13
23,3,2017,56
24,3,2017,65
25,3,2017,67
26,3,2017,70
27,3,2017,87
28,3,2017,95
29,3,2017,90
30,3,2017,109
31,3,2017,88